{
  "formatVersion": 3,
  "maps": [
    "map"
  ],
  "filtering": "pixelated",
  "wrapping": "clampToEdge",
  "pixelsPerUnit": 16,
  "framesPerSecond": 10,
  "opacity": null,
  "alphaTest": 0.1,
  "frameOrder": "rows",
  "grid": {
    "width": 12,
    "height": 28
  },
  "origin": {
    "x": 0.5,
    "y": 0
  },
  "animations": [
    {
      "id": "0",
      "name": "Animation",
      "startFrameIndex": 0,
      "endFrameIndex": 6,
      "speed": 2
    }
  ],
  "mapSlots": {
    "map": "map",
    "light": null,
    "specular": null,
    "alpha": null,
    "normal": null
  }
}