{
  "formatVersion": 1,
  "nodes": [
    {
      "id": "0",
      "name": "Camera",
      "children": [],
      "components": [
        {
          "type": "Camera",
          "config": {
            "formatVersion": 1,
            "mode": "orthographic",
            "fov": 45,
            "orthographicScale": 20,
            "viewport": {
              "x": 0,
              "y": 0,
              "width": 1,
              "height": 1
            },
            "depth": 0,
            "nearClippingPlane": 0.1,
            "farClippingPlane": 1000
          },
          "id": "0"
        },
        {
          "type": "Behavior",
          "config": {
            "behaviorName": "MenuBehavior",
            "propertyValues": {}
          },
          "id": "1"
        }
      ],
      "position": {
        "x": 0,
        "y": 0,
        "z": 10
      },
      "orientation": {
        "x": 0,
        "y": 0,
        "z": 0,
        "w": 1
      },
      "scale": {
        "x": 1,
        "y": 1,
        "z": 1
      },
      "visible": true,
      "layer": 0,
      "prefab": null
    },
    {
      "id": "1",
      "name": "Background",
      "children": [
        {
          "id": "2",
          "name": "Far",
          "children": [],
          "components": [
            {
              "type": "SpriteRenderer",
              "config": {
                "formatVersion": 1,
                "spriteAssetId": "6",
                "animationId": null,
                "horizontalFlip": false,
                "verticalFlip": false,
                "castShadow": false,
                "receiveShadow": false,
                "color": "ffffff",
                "overrideOpacity": false,
                "opacity": null,
                "materialType": "basic",
                "shaderAssetId": null
              },
              "id": "0"
            },
            {
              "type": "Behavior",
              "config": {
                "behaviorName": "BackgroundBehavior",
                "propertyValues": {
                  "randomSprite": {
                    "type": "boolean",
                    "value": true
                  }
                }
              },
              "id": "1"
            }
          ],
          "position": {
            "x": 0,
            "y": 5,
            "z": 0
          },
          "orientation": {
            "x": 0,
            "y": 0,
            "z": 0,
            "w": 1
          },
          "scale": {
            "x": 1,
            "y": 1,
            "z": 1
          },
          "visible": true,
          "layer": 0,
          "prefab": null
        },
        {
          "id": "4",
          "name": "Far2",
          "children": [],
          "components": [
            {
              "type": "SpriteRenderer",
              "config": {
                "formatVersion": 1,
                "spriteAssetId": "6",
                "animationId": null,
                "horizontalFlip": false,
                "verticalFlip": false,
                "castShadow": false,
                "receiveShadow": false,
                "color": "ffffff",
                "overrideOpacity": false,
                "opacity": null,
                "materialType": "basic",
                "shaderAssetId": null
              },
              "id": "0"
            },
            {
              "type": "Behavior",
              "config": {
                "behaviorName": "BackgroundBehavior",
                "propertyValues": {
                  "randomSprite": {
                    "type": "boolean",
                    "value": true
                  }
                }
              },
              "id": "1"
            }
          ],
          "position": {
            "x": 0,
            "y": 35,
            "z": 0
          },
          "orientation": {
            "x": 0,
            "y": 0,
            "z": 0,
            "w": 1
          },
          "scale": {
            "x": 1,
            "y": 1,
            "z": 1
          },
          "visible": true,
          "layer": 0,
          "prefab": null
        },
        {
          "id": "6",
          "name": "Close",
          "children": [],
          "components": [
            {
              "type": "SpriteRenderer",
              "config": {
                "formatVersion": 1,
                "spriteAssetId": "8",
                "animationId": null,
                "horizontalFlip": false,
                "verticalFlip": false,
                "castShadow": false,
                "receiveShadow": false,
                "color": "ffffff",
                "overrideOpacity": false,
                "opacity": null,
                "materialType": "basic",
                "shaderAssetId": null
              },
              "id": "0"
            },
            {
              "type": "Behavior",
              "config": {
                "behaviorName": "BackgroundBehavior",
                "propertyValues": {
                  "vSpeed": {
                    "type": "number",
                    "value": -0.1
                  }
                }
              },
              "id": "1"
            }
          ],
          "position": {
            "x": 0,
            "y": 5,
            "z": 0.5
          },
          "orientation": {
            "x": 0,
            "y": 0,
            "z": 0,
            "w": 1
          },
          "scale": {
            "x": 1,
            "y": 1,
            "z": 1
          },
          "visible": true,
          "layer": 0,
          "prefab": null
        },
        {
          "id": "5",
          "name": "Close2",
          "children": [],
          "components": [
            {
              "type": "SpriteRenderer",
              "config": {
                "formatVersion": 1,
                "spriteAssetId": "8",
                "animationId": null,
                "horizontalFlip": false,
                "verticalFlip": false,
                "castShadow": false,
                "receiveShadow": false,
                "color": "ffffff",
                "overrideOpacity": false,
                "opacity": null,
                "materialType": "basic",
                "shaderAssetId": null
              },
              "id": "0"
            },
            {
              "type": "Behavior",
              "config": {
                "behaviorName": "BackgroundBehavior",
                "propertyValues": {
                  "vSpeed": {
                    "type": "number",
                    "value": -0.1
                  }
                }
              },
              "id": "1"
            }
          ],
          "position": {
            "x": 0,
            "y": 35,
            "z": 0.5
          },
          "orientation": {
            "x": 0,
            "y": 0,
            "z": 0,
            "w": 1
          },
          "scale": {
            "x": 1,
            "y": 1,
            "z": 1
          },
          "visible": true,
          "layer": 0,
          "prefab": null
        }
      ],
      "components": [],
      "position": {
        "x": 0,
        "y": 0,
        "z": -5
      },
      "orientation": {
        "x": 0,
        "y": 0,
        "z": 0,
        "w": 1
      },
      "scale": {
        "x": 1,
        "y": 1,
        "z": 1
      },
      "visible": true,
      "layer": 0,
      "prefab": null
    },
    {
      "id": "14",
      "name": "Buttons",
      "children": [
        {
          "id": "13",
          "name": "Play",
          "children": [],
          "components": [
            {
              "type": "TextRenderer",
              "config": {
                "formatVersion": 2,
                "fontAssetId": "25",
                "text": "play",
                "alignment": "center",
                "verticalAlignment": "center",
                "size": null,
                "color": null,
                "overrideOpacity": false,
                "opacity": null
              },
              "id": "0"
            }
          ],
          "position": {
            "x": 0,
            "y": 2,
            "z": 0
          },
          "orientation": {
            "x": 0,
            "y": 0,
            "z": 0,
            "w": 1
          },
          "scale": {
            "x": 1,
            "y": 1,
            "z": 1
          },
          "visible": true,
          "layer": 0,
          "prefab": null
        },
        {
          "id": "20",
          "name": "Credit",
          "children": [],
          "components": [
            {
              "type": "TextRenderer",
              "config": {
                "formatVersion": 2,
                "fontAssetId": "25",
                "text": "credit",
                "alignment": "center",
                "verticalAlignment": "center",
                "size": null,
                "color": null,
                "overrideOpacity": false,
                "opacity": null
              },
              "id": "0"
            }
          ],
          "position": {
            "x": 0,
            "y": -2,
            "z": 0
          },
          "orientation": {
            "x": 0,
            "y": 0,
            "z": 0,
            "w": 1
          },
          "scale": {
            "x": 1,
            "y": 1,
            "z": 1
          },
          "visible": true,
          "layer": 0,
          "prefab": null
        },
        {
          "id": "21",
          "name": "Audio",
          "children": [],
          "components": [
            {
              "type": "SpriteRenderer",
              "config": {
                "formatVersion": 1,
                "spriteAssetId": "94",
                "animationId": null,
                "horizontalFlip": false,
                "verticalFlip": false,
                "castShadow": false,
                "receiveShadow": false,
                "color": "ffffff",
                "overrideOpacity": false,
                "opacity": null,
                "materialType": "basic",
                "shaderAssetId": null
              },
              "id": "0"
            },
            {
              "type": "Behavior",
              "config": {
                "behaviorName": "AudioButtonBehavior",
                "propertyValues": {}
              },
              "id": "1"
            }
          ],
          "position": {
            "x": -5.14180850982666,
            "y": 9.268681526184082,
            "z": -2
          },
          "orientation": {
            "x": 0,
            "y": 0,
            "z": 0,
            "w": 1
          },
          "scale": {
            "x": 1,
            "y": 1,
            "z": 1
          },
          "visible": true,
          "layer": 0,
          "prefab": null
        }
      ],
      "components": [],
      "position": {
        "x": 0,
        "y": 0,
        "z": 6
      },
      "orientation": {
        "x": 0,
        "y": 0,
        "z": 0,
        "w": 1
      },
      "scale": {
        "x": 1,
        "y": 1,
        "z": 1
      },
      "visible": true,
      "layer": 0,
      "prefab": null
    },
    {
      "id": "19",
      "name": "Highscore",
      "children": [],
      "components": [
        {
          "type": "Behavior",
          "config": {
            "behaviorName": "HighscoreDisplayBehavior",
            "propertyValues": {}
          },
          "id": "1"
        }
      ],
      "position": {
        "x": 5.3,
        "y": 9.5,
        "z": 4
      },
      "orientation": {
        "x": 0,
        "y": 0,
        "z": 0,
        "w": 1
      },
      "scale": {
        "x": 1,
        "y": 1,
        "z": 1
      },
      "visible": true,
      "layer": 0,
      "prefab": null
    }
  ]
}