{
  "formatVersion": 1,
  "nodes": [
    {
      "id": "0",
      "name": "Camera",
      "children": [
        {
          "id": "14",
          "name": "Score",
          "children": [],
          "components": [
            {
              "type": "Behavior",
              "config": {
                "behaviorName": "ScoreDisplayBehavior",
                "propertyValues": {}
              },
              "id": "1"
            }
          ],
          "position": {
            "x": 5.300000190734863,
            "y": 9.5,
            "z": -6
          },
          "orientation": {
            "x": 0,
            "y": 0,
            "z": 0,
            "w": 1
          },
          "scale": {
            "x": 1,
            "y": 1,
            "z": 1
          },
          "visible": true,
          "layer": 0,
          "prefab": null
        },
        {
          "id": "20",
          "name": "Armor",
          "children": [],
          "components": [],
          "position": {
            "x": -5.091290473937988,
            "y": 9.051521301269531,
            "z": -6
          },
          "orientation": {
            "x": 0,
            "y": 0,
            "z": 0,
            "w": 1
          },
          "scale": {
            "x": 0.5,
            "y": 0.5,
            "z": 1
          },
          "visible": true,
          "layer": 0,
          "prefab": {
            "sceneAssetId": "69"
          }
        }
      ],
      "components": [
        {
          "type": "Camera",
          "config": {
            "formatVersion": 1,
            "mode": "orthographic",
            "fov": 45,
            "orthographicScale": 20,
            "viewport": {
              "x": 0,
              "y": 0,
              "width": 1,
              "height": 1
            },
            "depth": 0,
            "nearClippingPlane": 0.1,
            "farClippingPlane": 1000
          },
          "id": "0"
        },
        {
          "type": "Behavior",
          "config": {
            "behaviorName": "MenuBehavior",
            "propertyValues": {}
          },
          "id": "1"
        },
        {
          "type": "Behavior",
          "config": {
            "behaviorName": "CameraBehavior",
            "propertyValues": {}
          },
          "id": "2"
        }
      ],
      "position": {
        "x": 0,
        "y": 0,
        "z": 10
      },
      "orientation": {
        "x": 0,
        "y": 0,
        "z": 0,
        "w": 1
      },
      "scale": {
        "x": 1,
        "y": 1,
        "z": 1
      },
      "visible": true,
      "layer": 0,
      "prefab": null
    },
    {
      "id": "1",
      "name": "Background",
      "children": [
        {
          "id": "2",
          "name": "Far",
          "children": [],
          "components": [
            {
              "type": "SpriteRenderer",
              "config": {
                "formatVersion": 1,
                "spriteAssetId": "6",
                "animationId": null,
                "horizontalFlip": false,
                "verticalFlip": false,
                "castShadow": false,
                "receiveShadow": false,
                "color": "ffffff",
                "overrideOpacity": false,
                "opacity": null,
                "materialType": "basic",
                "shaderAssetId": null
              },
              "id": "0"
            },
            {
              "type": "Behavior",
              "config": {
                "behaviorName": "BackgroundBehavior",
                "propertyValues": {
                  "randomSprite": {
                    "type": "boolean",
                    "value": true
                  }
                }
              },
              "id": "1"
            }
          ],
          "position": {
            "x": 0,
            "y": 5,
            "z": 0
          },
          "orientation": {
            "x": 0,
            "y": 0,
            "z": 0,
            "w": 1
          },
          "scale": {
            "x": 1,
            "y": 1,
            "z": 1
          },
          "visible": true,
          "layer": 0,
          "prefab": null
        },
        {
          "id": "4",
          "name": "Far2",
          "children": [],
          "components": [
            {
              "type": "SpriteRenderer",
              "config": {
                "formatVersion": 1,
                "spriteAssetId": "6",
                "animationId": null,
                "horizontalFlip": false,
                "verticalFlip": false,
                "castShadow": false,
                "receiveShadow": false,
                "color": "ffffff",
                "overrideOpacity": false,
                "opacity": null,
                "materialType": "basic",
                "shaderAssetId": null
              },
              "id": "0"
            },
            {
              "type": "Behavior",
              "config": {
                "behaviorName": "BackgroundBehavior",
                "propertyValues": {
                  "randomSprite": {
                    "type": "boolean",
                    "value": true
                  }
                }
              },
              "id": "1"
            }
          ],
          "position": {
            "x": 6.2054338455200195,
            "y": 35,
            "z": 0
          },
          "orientation": {
            "x": 0,
            "y": 0,
            "z": 0,
            "w": 1
          },
          "scale": {
            "x": 1,
            "y": 1,
            "z": 1
          },
          "visible": true,
          "layer": 0,
          "prefab": null
        },
        {
          "id": "6",
          "name": "Close",
          "children": [],
          "components": [
            {
              "type": "SpriteRenderer",
              "config": {
                "formatVersion": 1,
                "spriteAssetId": "8",
                "animationId": null,
                "horizontalFlip": false,
                "verticalFlip": false,
                "castShadow": false,
                "receiveShadow": false,
                "color": "ffffff",
                "overrideOpacity": false,
                "opacity": null,
                "materialType": "basic",
                "shaderAssetId": null
              },
              "id": "0"
            },
            {
              "type": "Behavior",
              "config": {
                "behaviorName": "BackgroundBehavior",
                "propertyValues": {
                  "vSpeed": {
                    "type": "number",
                    "value": -0.1
                  }
                }
              },
              "id": "1"
            }
          ],
          "position": {
            "x": 0,
            "y": 5,
            "z": 0.5
          },
          "orientation": {
            "x": 0,
            "y": 0,
            "z": 0,
            "w": 1
          },
          "scale": {
            "x": 1,
            "y": 1,
            "z": 1
          },
          "visible": true,
          "layer": 0,
          "prefab": null
        },
        {
          "id": "5",
          "name": "Close2",
          "children": [],
          "components": [
            {
              "type": "SpriteRenderer",
              "config": {
                "formatVersion": 1,
                "spriteAssetId": "8",
                "animationId": null,
                "horizontalFlip": true,
                "verticalFlip": false,
                "castShadow": false,
                "receiveShadow": false,
                "color": "ffffff",
                "overrideOpacity": false,
                "opacity": null,
                "materialType": "basic",
                "shaderAssetId": null
              },
              "id": "0"
            },
            {
              "type": "Behavior",
              "config": {
                "behaviorName": "BackgroundBehavior",
                "propertyValues": {
                  "vSpeed": {
                    "type": "number",
                    "value": -0.1
                  }
                }
              },
              "id": "1"
            }
          ],
          "position": {
            "x": -2.176689386367798,
            "y": 35,
            "z": 0.5
          },
          "orientation": {
            "x": 0,
            "y": 0,
            "z": 0,
            "w": 1
          },
          "scale": {
            "x": 1,
            "y": 1,
            "z": 1
          },
          "visible": true,
          "layer": 0,
          "prefab": null
        }
      ],
      "components": [],
      "position": {
        "x": 0,
        "y": 0,
        "z": -5
      },
      "orientation": {
        "x": 0,
        "y": 0,
        "z": 0,
        "w": 1
      },
      "scale": {
        "x": 1,
        "y": 1,
        "z": 1
      },
      "visible": true,
      "layer": 0,
      "prefab": null
    },
    {
      "id": "3",
      "name": "Ship",
      "children": [
        {
          "id": "18",
          "name": "Shield",
          "children": [],
          "components": [
            {
              "type": "SpriteRenderer",
              "config": {
                "formatVersion": 1,
                "spriteAssetId": "65",
                "animationId": null,
                "horizontalFlip": false,
                "verticalFlip": false,
                "castShadow": false,
                "receiveShadow": false,
                "color": "ffffff",
                "overrideOpacity": true,
                "opacity": 0.6,
                "materialType": "basic",
                "shaderAssetId": null
              },
              "id": "0"
            }
          ],
          "position": {
            "x": 0,
            "y": 0,
            "z": -1
          },
          "orientation": {
            "x": 0,
            "y": 0,
            "z": 0,
            "w": 1
          },
          "scale": {
            "x": 0.9,
            "y": 0.9,
            "z": 1
          },
          "visible": true,
          "layer": 0,
          "prefab": null
        }
      ],
      "components": [
        {
          "type": "SpriteRenderer",
          "config": {
            "formatVersion": 1,
            "spriteAssetId": "1",
            "animationId": null,
            "horizontalFlip": false,
            "verticalFlip": false,
            "castShadow": false,
            "receiveShadow": false,
            "color": "ffffff",
            "overrideOpacity": false,
            "opacity": null,
            "materialType": "basic",
            "shaderAssetId": null
          },
          "id": "0"
        },
        {
          "type": "Behavior",
          "config": {
            "behaviorName": "ShipBehavior",
            "propertyValues": {}
          },
          "id": "1"
        }
      ],
      "position": {
        "x": 0,
        "y": -7.5,
        "z": 0
      },
      "orientation": {
        "x": 0,
        "y": 0,
        "z": 0,
        "w": 1
      },
      "scale": {
        "x": 1,
        "y": 1,
        "z": 1
      },
      "visible": true,
      "layer": 0,
      "prefab": null
    },
    {
      "id": "12",
      "name": "EnnemySpawner",
      "children": [],
      "components": [
        {
          "type": "Behavior",
          "config": {
            "behaviorName": "EnnemySpawnerBehavior",
            "propertyValues": {}
          },
          "id": "0"
        }
      ],
      "position": {
        "x": -5,
        "y": 8,
        "z": -2
      },
      "orientation": {
        "x": 0,
        "y": 0,
        "z": 0,
        "w": 1
      },
      "scale": {
        "x": 1,
        "y": 1,
        "z": 1
      },
      "visible": true,
      "layer": 0,
      "prefab": null
    },
    {
      "id": "17",
      "name": "PowerupSpawner",
      "children": [],
      "components": [
        {
          "type": "Behavior",
          "config": {
            "behaviorName": "PowerupSpawnerBehavior",
            "propertyValues": {}
          },
          "id": "0"
        }
      ],
      "position": {
        "x": -5,
        "y": 8,
        "z": -2
      },
      "orientation": {
        "x": 0,
        "y": 0,
        "z": 0,
        "w": 1
      },
      "scale": {
        "x": 1,
        "y": 1,
        "z": 1
      },
      "visible": true,
      "layer": 0,
      "prefab": null
    },
    {
      "id": "16",
      "name": "Buttons",
      "children": [
        {
          "id": "15",
          "name": "Menu",
          "children": [],
          "components": [
            {
              "type": "TextRenderer",
              "config": {
                "formatVersion": 2,
                "fontAssetId": "25",
                "text": "Menu",
                "alignment": "center",
                "verticalAlignment": "center",
                "size": null,
                "color": null,
                "overrideOpacity": false,
                "opacity": null
              },
              "id": "0"
            }
          ],
          "position": {
            "x": 0,
            "y": 2,
            "z": 0
          },
          "orientation": {
            "x": 0,
            "y": 0,
            "z": 0,
            "w": 1
          },
          "scale": {
            "x": 1,
            "y": 1,
            "z": 1
          },
          "visible": true,
          "layer": 0,
          "prefab": null
        },
        {
          "id": "21",
          "name": "Play",
          "children": [],
          "components": [
            {
              "type": "TextRenderer",
              "config": {
                "formatVersion": 2,
                "fontAssetId": "25",
                "text": "replay",
                "alignment": "center",
                "verticalAlignment": "center",
                "size": null,
                "color": null,
                "overrideOpacity": false,
                "opacity": null
              },
              "id": "0"
            }
          ],
          "position": {
            "x": 0,
            "y": 0,
            "z": 0
          },
          "orientation": {
            "x": 0,
            "y": 0,
            "z": 0,
            "w": 1
          },
          "scale": {
            "x": 1,
            "y": 1,
            "z": 1
          },
          "visible": true,
          "layer": 0,
          "prefab": null
        }
      ],
      "components": [],
      "position": {
        "x": 0,
        "y": 0,
        "z": 6
      },
      "orientation": {
        "x": 0,
        "y": 0,
        "z": 0,
        "w": 1
      },
      "scale": {
        "x": 1,
        "y": 1,
        "z": 1
      },
      "visible": true,
      "layer": 0,
      "prefab": null
    }
  ]
}